Field1;Field2;Field3;Field4;Text;Text1;Text2
UNIVERSITAS INDONESIA;"Pd. Cina, Beji
Depok";95;1:20;A;"2.39 % 

Data Pendaftar ini hanya khusus untuk Universitas Negeri. Prosentase kemungkinan adalah Rasio Jumlah Pendaftar vs Quota Penerimaan Mahasiswa pada Tahun sebelumnya.";244 Jurusan
INSTITUT TEKNOLOGI BANDUNG;"Jl. Ganesha 10
Bandung";92;1:2;A;"4.75 % 

Data Pendaftar ini hanya khusus untuk Universitas Negeri. Prosentase kemungkinan adalah Rasio Jumlah Pendaftar vs Quota Penerimaan Mahasiswa pada Tahun sebelumnya.";148 Jurusan
UNIVERSITAS GADJAH MADA;"Bulaksumur, Caturtunggal, Depok
Sleman";89;1:27;A;"2.88 % 

Data Pendaftar ini hanya khusus untuk Universitas Negeri. Prosentase kemungkinan adalah Rasio Jumlah Pendaftar vs Quota Penerimaan Mahasiswa pada Tahun sebelumnya.";274 Jurusan
INSTITUT PERTANIAN BOGOR;"Jl. Raya Darmaga Kampus IPB Darmaga
Bogor";85;1:22;A;"2.59 % 

Data Pendaftar ini hanya khusus untuk Universitas Negeri. Prosentase kemungkinan adalah Rasio Jumlah Pendaftar vs Quota Penerimaan Mahasiswa pada Tahun sebelumnya.";200 Jurusan
INSTITUT TEKNOLOGI SEPULUH NOPEMBER;"Kampus ITS Sukolilo
Surabaya";83;1:16;A;"3.55 % 

Data Pendaftar ini hanya khusus untuk Universitas Negeri. Prosentase kemungkinan adalah Rasio Jumlah Pendaftar vs Quota Penerimaan Mahasiswa pada Tahun sebelumnya.";64 Jurusan
UNIVERSITAS AIRLANGGA;"Jl. Airlangga No. 4 - 6, Airlangga, Gubeng, 
Surabaya";83;1:2;A;"4.47 % 

Data Pendaftar ini hanya khusus untuk Universitas Negeri. Prosentase kemungkinan adalah Rasio Jumlah Pendaftar vs Quota Penerimaan Mahasiswa pada Tahun sebelumnya.";170 Jurusan
UNIVERSITAS PADJADJARAN;"Jalan Dipati Ukur No 35
Bandung";82;1:16;A;"3.33 % 

Data Pendaftar ini hanya khusus untuk Universitas Negeri. Prosentase kemungkinan adalah Rasio Jumlah Pendaftar vs Quota Penerimaan Mahasiswa pada Tahun sebelumnya.";177 Jurusan
UNIVERSITAS LAMPUNG;"Jl Sumantri Brojonegoro No 1 Gedong Meneng
Bandar Lampung";81;1:19;A;"3.84 % 

Data Pendaftar ini hanya khusus untuk Universitas Negeri. Prosentase kemungkinan adalah Rasio Jumlah Pendaftar vs Quota Penerimaan Mahasiswa pada Tahun sebelumnya.";107 Jurusan
UNIVERSITAS DIPONEGORO;"Jl Prof H Soedarto, SH Kampus Tembalang
Semarang";81;1:26;A;"3.68 % 

Data Pendaftar ini hanya khusus untuk Universitas Negeri. Prosentase kemungkinan adalah Rasio Jumlah Pendaftar vs Quota Penerimaan Mahasiswa pada Tahun sebelumnya.";133 Jurusan
UNIVERSITAS SEBELAS MARET;"Jalan Ir Sutami 36-A Kentingan
Surakarta";81;1:18;A;"3.98 % 

Data Pendaftar ini hanya khusus untuk Universitas Negeri. Prosentase kemungkinan adalah Rasio Jumlah Pendaftar vs Quota Penerimaan Mahasiswa pada Tahun sebelumnya.";173 Jurusan
UNIVERSITAS INDONESIA;"Pd. Cina, Beji
									Depok";95;1:20;A;"2.39 % 

Data Pendaftar ini hanya khusus untuk Universitas Negeri. Prosentase kemungkinan adalah Rasio Jumlah Pendaftar vs Quota Penerimaan Mahasiswa pada Tahun sebelumnya.";244 Jurusan
INSTITUT TEKNOLOGI BANDUNG;"Jl. Ganesha 10
									Bandung";92;1:2;A;"4.75 % 

Data Pendaftar ini hanya khusus untuk Universitas Negeri. Prosentase kemungkinan adalah Rasio Jumlah Pendaftar vs Quota Penerimaan Mahasiswa pada Tahun sebelumnya.";148 Jurusan
UNIVERSITAS GADJAH MADA;"Bulaksumur, Caturtunggal, Depok
									Sleman";89;1:27;A;"2.88 % 

Data Pendaftar ini hanya khusus untuk Universitas Negeri. Prosentase kemungkinan adalah Rasio Jumlah Pendaftar vs Quota Penerimaan Mahasiswa pada Tahun sebelumnya.";274 Jurusan
INSTITUT PERTANIAN BOGOR;"Jl. Raya Darmaga Kampus IPB Darmaga
									Bogor";85;1:22;A;"2.59 % 

Data Pendaftar ini hanya khusus untuk Universitas Negeri. Prosentase kemungkinan adalah Rasio Jumlah Pendaftar vs Quota Penerimaan Mahasiswa pada Tahun sebelumnya.";200 Jurusan
INSTITUT TEKNOLOGI SEPULUH NOPEMBER;"Kampus ITS Sukolilo
									Surabaya";83;1:16;A;"3.55 % 

Data Pendaftar ini hanya khusus untuk Universitas Negeri. Prosentase kemungkinan adalah Rasio Jumlah Pendaftar vs Quota Penerimaan Mahasiswa pada Tahun sebelumnya.";64 Jurusan
UNIVERSITAS AIRLANGGA;"Jl. Airlangga No. 4 - 6, Airlangga, Gubeng, 
									Surabaya";83;1:2;A;"4.47 % 

Data Pendaftar ini hanya khusus untuk Universitas Negeri. Prosentase kemungkinan adalah Rasio Jumlah Pendaftar vs Quota Penerimaan Mahasiswa pada Tahun sebelumnya.";170 Jurusan
UNIVERSITAS PADJADJARAN;"Jalan Dipati Ukur No 35
									Bandung";82;1:16;A;"3.33 % 

Data Pendaftar ini hanya khusus untuk Universitas Negeri. Prosentase kemungkinan adalah Rasio Jumlah Pendaftar vs Quota Penerimaan Mahasiswa pada Tahun sebelumnya.";177 Jurusan
UNIVERSITAS LAMPUNG;"Jl Sumantri Brojonegoro No 1 Gedong Meneng
									Bandar Lampung";81;1:19;A;"3.84 % 

Data Pendaftar ini hanya khusus untuk Universitas Negeri. Prosentase kemungkinan adalah Rasio Jumlah Pendaftar vs Quota Penerimaan Mahasiswa pada Tahun sebelumnya.";107 Jurusan
UNIVERSITAS DIPONEGORO;"Jl Prof H Soedarto, SH Kampus Tembalang
									Semarang";81;1:26;A;"3.68 % 

Data Pendaftar ini hanya khusus untuk Universitas Negeri. Prosentase kemungkinan adalah Rasio Jumlah Pendaftar vs Quota Penerimaan Mahasiswa pada Tahun sebelumnya.";133 Jurusan
UNIVERSITAS SEBELAS MARET;"Jalan Ir Sutami 36-A Kentingan
									Surakarta";81;1:18;A;"3.98 % 

Data Pendaftar ini hanya khusus untuk Universitas Negeri. Prosentase kemungkinan adalah Rasio Jumlah Pendaftar vs Quota Penerimaan Mahasiswa pada Tahun sebelumnya.";173 Jurusan
UNIVERSITAS BRAWIJAYA;"Jalan Veteran
									Kec. Lowokwaru - Kota Malang - Prop. Jawa Timur";81;1:31;A;"5.44 % 

Data Pendaftar ini hanya khusus untuk Universitas Negeri. Prosentase kemungkinan adalah Rasio Jumlah Pendaftar vs Quota Penerimaan Mahasiswa pada Tahun sebelumnya.";160 Jurusan
UNIVERSITAS NEGERI YOGYAKARTA;"Kampus Karangmalang Yogyakarta
									Sleman";81;1:26;A;"2.74 % 

Data Pendaftar ini hanya khusus untuk Universitas Negeri. Prosentase kemungkinan adalah Rasio Jumlah Pendaftar vs Quota Penerimaan Mahasiswa pada Tahun sebelumnya.";136 Jurusan
UNIVERSITAS SYIAH KUALA;"Universitas Syiah Kuala  Jln. Teuku Nyak Arief Darussalam, Banda Aceh, Aceh, 2
									Banda Aceh";80;1:20;A;"3.43 % 

Data Pendaftar ini hanya khusus untuk Universitas Negeri. Prosentase kemungkinan adalah Rasio Jumlah Pendaftar vs Quota Penerimaan Mahasiswa pada Tahun sebelumnya.";130 Jurusan
UNIVERSITAS ANDALAS;"Kampus Universitas Andalas Limau Manis
									Padang";80;1:13;A;"2.95 % 

Data Pendaftar ini hanya khusus untuk Universitas Negeri. Prosentase kemungkinan adalah Rasio Jumlah Pendaftar vs Quota Penerimaan Mahasiswa pada Tahun sebelumnya.";117 Jurusan
UNIVERSITAS NEGERI MALANG;"Jalan Semarang 5 Malang
									Malang";80;1:12;A;"5.11 % 

Data Pendaftar ini hanya khusus untuk Universitas Negeri. Prosentase kemungkinan adalah Rasio Jumlah Pendaftar vs Quota Penerimaan Mahasiswa pada Tahun sebelumnya.";123 Jurusan
UNIVERSITAS PENDIDIKAN INDONESIA;"Jalan Dr Setiabudhi No 229
									Bandung";80;1:47;A;"3.94 % 

Data Pendaftar ini hanya khusus untuk Universitas Negeri. Prosentase kemungkinan adalah Rasio Jumlah Pendaftar vs Quota Penerimaan Mahasiswa pada Tahun sebelumnya.";174 Jurusan
UNIVERSITAS SRIWIJAYA;"Jl Raya Palembang Prabumulih Km. 32 Inderalaya Ogan Komering Ilir
									Palembang";80;1:21;A;"3.82 % 

Data Pendaftar ini hanya khusus untuk Universitas Negeri. Prosentase kemungkinan adalah Rasio Jumlah Pendaftar vs Quota Penerimaan Mahasiswa pada Tahun sebelumnya.";119 Jurusan
UNIVERSITAS NEGERI SEMARANG;"Gedung H (Rektorat) Kampus Unnes Sekaran Gunungpati
									Semarang";80;1:23;A;"4.54 % 

Data Pendaftar ini hanya khusus untuk Universitas Negeri. Prosentase kemungkinan adalah Rasio Jumlah Pendaftar vs Quota Penerimaan Mahasiswa pada Tahun sebelumnya.";94 Jurusan
UNIVERSITAS HASANUDDIN;"Jl. Perintis Kemerdekaan Km.10 Makassar, 90245
Sulawesi Selatan
									Makassar";80;1:1;A;"2.08 % 

Data Pendaftar ini hanya khusus untuk Universitas Negeri. Prosentase kemungkinan adalah Rasio Jumlah Pendaftar vs Quota Penerimaan Mahasiswa pada Tahun sebelumnya.";110 Jurusan
UNIVERSITAS MUHAMMADIYAH MALANG;"Jalan Raya Tlogomas No 246
									Malang";79;1:6;A;"100.00 % 

Data Pendaftar ini hanya khusus untuk Universitas Negeri. Prosentase kemungkinan adalah Rasio Jumlah Pendaftar vs Quota Penerimaan Mahasiswa pada Tahun sebelumnya.";60 Jurusan
UNIVERSITAS GUNADARMA;"Jalan Margonda Raya 100 Pondok Cina
									Depok";79;1:33;A;;33 Jurusan
UNIVERSITAS ISLAM INDONESIA;"Jalan Kaliurang Km 14,5 Sleman
									Yogyakarta";79;1:55;A;;49 Jurusan
UNIVERSITAS KRISTEN PETRA;"Jl Siwalankerto 121-131
									Surabaya";79;1:28;A;;15 Jurusan
UNIVERSITAS SUMATERA UTARA;"Jalan Dr T Mansur No 9 Padang Bulan
									Medan";79;1:26;A;"3.47 % 

Data Pendaftar ini hanya khusus untuk Universitas Negeri. Prosentase kemungkinan adalah Rasio Jumlah Pendaftar vs Quota Penerimaan Mahasiswa pada Tahun sebelumnya.";158 Jurusan
UNIVERSITAS BENGKULU;"Jl. W.R. Supratman, Kandang Limun, Muara Bangka Hulu
									Bengkulu";79;1:24;B;"5.01 % 

Data Pendaftar ini hanya khusus untuk Universitas Negeri. Prosentase kemungkinan adalah Rasio Jumlah Pendaftar vs Quota Penerimaan Mahasiswa pada Tahun sebelumnya.";35 Jurusan
UNIVERSITAS RIAU;"Kampus Bina Widya Simpang Baru
									Pekanbaru";79;1:28;A;"7.53 % 

Data Pendaftar ini hanya khusus untuk Universitas Negeri. Prosentase kemungkinan adalah Rasio Jumlah Pendaftar vs Quota Penerimaan Mahasiswa pada Tahun sebelumnya.";92 Jurusan
UNIVERSITAS AHMAD DAHLAN;"Jalan Kapas No 9 Semaki
									Yogyakarta";78;1:39;A;;41 Jurusan
UNIVERSITAS MUHAMMADIYAH YOGYAKARTA;"Jl Lingkar Barat Tamantirto Kasihan Bantul Yogyakarta
									Bantul";78;1:55;A;;34 Jurusan
UNIVERSITAS MERCU BUANA;"Jl Raya Meruya Selatan Kembangan
									Jakarta Barat";78;1:40;A;;22 Jurusan
UNIVERSITAS TRISAKTI;"Jalan Kyai Tapa No 1 Grogol
									Jakarta Barat";78;1:26;A;;47 Jurusan
UNIVERSITAS UDAYANA;"Jl.Kampus Bukit UNUD Jimbaran ,Badung-Bali
									Badung";78;1:12;A;"5.12 % 

Data Pendaftar ini hanya khusus untuk Universitas Negeri. Prosentase kemungkinan adalah Rasio Jumlah Pendaftar vs Quota Penerimaan Mahasiswa pada Tahun sebelumnya.";112 Jurusan
UNIVERSITAS NEGERI MEDAN;"Jalan Willem Iskandar Pasar V Medan Estate
									Medan";77;1:20;A;"3.42 % 

Data Pendaftar ini hanya khusus untuk Universitas Negeri. Prosentase kemungkinan adalah Rasio Jumlah Pendaftar vs Quota Penerimaan Mahasiswa pada Tahun sebelumnya.";76 Jurusan
UNIVERSITAS JENDERAL SOEDIRMAN;"Jl Prof Dr HR Boenyamin 708
									Banyumas";76;1:16;A;"2.72 % 

Data Pendaftar ini hanya khusus untuk Universitas Negeri. Prosentase kemungkinan adalah Rasio Jumlah Pendaftar vs Quota Penerimaan Mahasiswa pada Tahun sebelumnya.";78 Jurusan
UNIVERSITAS ISLAM NEGERI SUNAN KALIJAGA;"Jalan Marsda Adisucipto No 1
									Sleman";76;1:31;A;"4.38 % 

Data Pendaftar ini hanya khusus untuk Universitas Negeri. Prosentase kemungkinan adalah Rasio Jumlah Pendaftar vs Quota Penerimaan Mahasiswa pada Tahun sebelumnya.";53 Jurusan
UNIVERSITAS BINA NUSANTARA;"Jl KH Syahdan No 9 Palmerah
									Jakarta Barat";76;1:28;A;;34 Jurusan
UNIVERSITAS JEMBER;"Jalan Kalimantan No 37 Kampus Tegalboto
									Jawa Timur";76;1:23;A;"4.52 % 

Data Pendaftar ini hanya khusus untuk Universitas Negeri. Prosentase kemungkinan adalah Rasio Jumlah Pendaftar vs Quota Penerimaan Mahasiswa pada Tahun sebelumnya.";173 Jurusan
UNIVERSITAS ISLAM NEGERI SYARIF HIDAYATULLAH;"Jl Ir H Juanda No 95 Ciputat
									D.K.I. Jakarta";76;1:5;A;;70 Jurusan
UNIVERSITAS TELKOM;"Jl. Telekomunikasi Terusan Buah Batu Bandung-40257, Jawa Barat, Indonesia
									Bandung";76;1:30;A;;31 Jurusan
UNIVERSITAS KATOLIK INDONESIA ATMA JAYA;"Jalan Jenderal Sudirman 51
									Jakarta Selatan";76;1:31;A;;28 Jurusan
UNIVERSITAS KATOLIK PARAHYANGAN;"Jalan Ciumbuleuit No 94
									Bandung";76;1:31;A;;33 Jurusan
UNIVERSITAS MUHAMMADIYAH SURAKARTA;"Jl. Ahmad Yani, Tromol Pos1, Pabelan Kartasura, Surakarta
									Surakarta";76;1:47;A;;64 Jurusan
UNIVERSITAS NEGERI SURABAYA;"Jalan Ketintang
									Surabaya";75;1:28;A;"3.75 % 

Data Pendaftar ini hanya khusus untuk Universitas Negeri. Prosentase kemungkinan adalah Rasio Jumlah Pendaftar vs Quota Penerimaan Mahasiswa pada Tahun sebelumnya.";117 Jurusan
UNIVERSITAS KOMPUTER INDONESIA;"Jalan Dipatiukur No 112-114
									Bandung";75;1:35;B;;33 Jurusan
UNIVERSITAS ISLAM BANDUNG;"Jalan Tamansari No 1
									Bandung";75;1:23;A;;28 Jurusan
UNIVERSITAS NAROTAMA;"Jl Arif Rahman Hakim No 51
									Surabaya";75;1:19;B;;11 Jurusan
UNIVERSITAS KRISTEN MARANATHA;"Jl Prof Drg Suria Sumantri 65
									Bandung";75;1:24;B;;29 Jurusan
UNIVERSITAS MUHAMMADIYAH PURWOKERTO;"Jl Raya Dukuhwaluh Po Box 202
									Banyumas";74;1:27;B;;47 Jurusan
UNIVERSITAS ATMA JAYA YOGYAKARTA;"Jalan Babarsari No 44
									Sleman";74;1:36;A;;16 Jurusan
UNIVERSITAS SANATA DHARMA;"Jalan Mrican Tromolpos 29
									Sleman";74;1:33;A;;40 Jurusan
UNIVERSITAS MUHAMMADIYAH SIDOARJO;"Jl. Majapahit No.666 B, Celep, Kec. Sidoarjo, Kabupaten Sidoarjo, Jawa Timur 61215, Indonesia
									Sidoarjo";73;1:37;B;;27 Jurusan
UNIVERSITAS SAM RATULANGI;"Kampus Unsrat Bahu
									Manado";73;1:11;A;"17.00 % 

Data Pendaftar ini hanya khusus untuk Universitas Negeri. Prosentase kemungkinan adalah Rasio Jumlah Pendaftar vs Quota Penerimaan Mahasiswa pada Tahun sebelumnya.";77 Jurusan
UNIVERSITAS MUHAMMADIYAH SUMATERA UTARA;"Jl Kapt Mukhtar Basri Ba No 3 Glugur Darat II
									Medan";73;1:68;B;;36 Jurusan
UNIVERSITAS NEGERI PADANG;"Jalan Prof Dr Hamka Kampus Air Tawar Padang Sumatera Barat
									Padang";72;1:30;A;"2.61 % 

Data Pendaftar ini hanya khusus untuk Universitas Negeri. Prosentase kemungkinan adalah Rasio Jumlah Pendaftar vs Quota Penerimaan Mahasiswa pada Tahun sebelumnya.";115 Jurusan
UNIVERSITAS PENDIDIKAN GANESHA;"Jalan Udatana Nomor 11 Singaraja
									Buleleng";72;1:29;B;"40.71 % 

Data Pendaftar ini hanya khusus untuk Universitas Negeri. Prosentase kemungkinan adalah Rasio Jumlah Pendaftar vs Quota Penerimaan Mahasiswa pada Tahun sebelumnya.";58 Jurusan
UNIVERSITAS KRISTEN DUTA WACANA;"Jalan Dr Wahidin 5-19
									Yogyakarta";72;1:26;A;;16 Jurusan
UNIVERSITAS DIAN NUSWANTORO;"Kampus I : Jalan Imam Bonjol 207 Semarang 50131 Kampus II : Jalan Nakula I No
									Semarang";71;1:39;A;;21 Jurusan
UNIVERSITAS KRISTEN SATYA WACANA;"Jalan Diponegoro 52-60
									Salatiga";71;1:8;B;;69 Jurusan
UNIVERSITAS NEGERI MAKASSAR;"Jalan A P Pettarani Gunungsari
									Makassar";71;1:29;A;"3.12 % 

Data Pendaftar ini hanya khusus untuk Universitas Negeri. Prosentase kemungkinan adalah Rasio Jumlah Pendaftar vs Quota Penerimaan Mahasiswa pada Tahun sebelumnya.";119 Jurusan
UNIVERSITAS NEGERI GORONTALO;"Jalan Jenderal Sudirman No 6 Kec. Kota Tengah Kel. Wumialo
									Gorontalo";71;1:2;A;"7.38 % 

Data Pendaftar ini hanya khusus untuk Universitas Negeri. Prosentase kemungkinan adalah Rasio Jumlah Pendaftar vs Quota Penerimaan Mahasiswa pada Tahun sebelumnya.";100 Jurusan
UNIVERSITAS NUSA CENDANA;"Jl. Adisucipto, Penfui-Kupang, Lasiana, Klp. Lima
									Kupang";71;1:15;B;"6.50 % 

Data Pendaftar ini hanya khusus untuk Universitas Negeri. Prosentase kemungkinan adalah Rasio Jumlah Pendaftar vs Quota Penerimaan Mahasiswa pada Tahun sebelumnya.";63 Jurusan
UNIVERSITAS ISLAM NEGERI SUNAN GUNUNG JATI;"Jalan AH Nasution No 105
									Bandung";70;1:35;B;;59 Jurusan
UNIVERSITAS MULAWARMAN;"Jalan Kuaro Gunung Kelua
									Samarinda";70;1:33;A;"7.94 % 

Data Pendaftar ini hanya khusus untuk Universitas Negeri. Prosentase kemungkinan adalah Rasio Jumlah Pendaftar vs Quota Penerimaan Mahasiswa pada Tahun sebelumnya.";81 Jurusan
UNIVERSITAS ISLAM SULTAN AGUNG;"Jalan Raya Kaligawe Km 4 Semarang
									Semarang";70;1:35;B;;39 Jurusan
INSTITUT SENI INDONESIA YOGYAKARTA;"Jalan Parangtritis Km 6,5 Sewon, Bantul
									Yogyakarta";70;1:14;A;;28 Jurusan
UNIVERSITAS WIDYATAMA;"Jalan Cikutra No. 204-A Bandung
									Jawa Barat";70;1:31;B;;14 Jurusan
UNIVERSITAS TADULAKO;"Kampus Bumi Tadulako Tondo
									Palu";70;1:18;B;"7.45 % 

Data Pendaftar ini hanya khusus untuk Universitas Negeri. Prosentase kemungkinan adalah Rasio Jumlah Pendaftar vs Quota Penerimaan Mahasiswa pada Tahun sebelumnya.";73 Jurusan
UNIVERSITAS SULTAN AGENG TIRTAYASA;"Jl Raya Jakarta Km 4 Pakupatan
									Serang";70;1:27;B;"4.81 % 

Data Pendaftar ini hanya khusus untuk Universitas Negeri. Prosentase kemungkinan adalah Rasio Jumlah Pendaftar vs Quota Penerimaan Mahasiswa pada Tahun sebelumnya.";46 Jurusan
UNIVERSITAS NEGERI JAKARTA;"Jalan Rawamangun Muka
									D.K.I. Jakarta";69;1:44;A;"2.70 % 

Data Pendaftar ini hanya khusus untuk Universitas Negeri. Prosentase kemungkinan adalah Rasio Jumlah Pendaftar vs Quota Penerimaan Mahasiswa pada Tahun sebelumnya.";125 Jurusan
UNIVERSITAS JAMBI;"Jl. Raya Jambi Muara Bulian Km 15
									Muaro Jambi";69;1:21;B;"4.29 % 

Data Pendaftar ini hanya khusus untuk Universitas Negeri. Prosentase kemungkinan adalah Rasio Jumlah Pendaftar vs Quota Penerimaan Mahasiswa pada Tahun sebelumnya.";96 Jurusan
UNIVERSITAS TRUNOJOYO;"Jalan Raya Telang PO. Box 2 Kamal
									Bangkalan";68;1:33;B;"8.39 % 

Data Pendaftar ini hanya khusus untuk Universitas Negeri. Prosentase kemungkinan adalah Rasio Jumlah Pendaftar vs Quota Penerimaan Mahasiswa pada Tahun sebelumnya.";30 Jurusan
UNIVERSITAS PEMBANGUNAN NASIONAL VETERAN JAWA TIMUR;"Jl Raya Rungkut Madya Gunung Anyar Surabaya
									Gununganyar";68;1:25;A;;22 Jurusan
UNIVERSITAS TANJUNGPURA;"Jalan Jenderal Ahmad Yani
									Pontianak";67;1:30;B;"4.01 % 

Data Pendaftar ini hanya khusus untuk Universitas Negeri. Prosentase kemungkinan adalah Rasio Jumlah Pendaftar vs Quota Penerimaan Mahasiswa pada Tahun sebelumnya.";103 Jurusan
INSTITUT SENI INDONESIA DENPASAR;"Jalan Nusa Indah
									Denpasar";67;1:5;A;;13 Jurusan
UNIVERSITAS MURIA KUDUS;"Gondangmanis Bae Po Box 53 Gebog Bae Kudus
									Kudus";67;1:39;B;;17 Jurusan
UNIVERSITAS LANCANG KUNING;"Jalan Yos Sudarso Km 8 Rumbai, Pekanbaru, Riau, Indonesia
									Pekanbaru";66;1:17;B;;22 Jurusan
UNIVERSITAS MATARAM;"Jalan Majapahit No 62
									Mataram";66;1:14;B;"3.13 % 

Data Pendaftar ini hanya khusus untuk Universitas Negeri. Prosentase kemungkinan adalah Rasio Jumlah Pendaftar vs Quota Penerimaan Mahasiswa pada Tahun sebelumnya.";57 Jurusan
UNIVERSITAS SURABAYA;"Jalan Ngagel Jaya Selatan 169 Surabaya
									Surabaya";66;1:29;A;;25 Jurusan
UNIVERSITAS PGRI PALEMBANG;"Jl Jenderal Ahmad Yani Lorong Gotong Royong 910
									Sumatera Selatan";64;1:18;B;;22 Jurusan
UNIVERSITAS PEMBANGUNAN NASIONAL VETERAN YOGYAKARTA;"Jl. SWK 104 (Lingkar Utara), Condongcatur, (Kampus Pusat) 
									Yogyakarta";63;1:60;B;;23 Jurusan
UNIVERSITAS MUHAMMADIYAH LUWUK BANGGAI;"Jalan KH Ahmad Dahlan No 79
									Banggai";62;1:25;C;;14 Jurusan
INSTITUT SAINS DAN TEKNOLOGI AKPRIND;"Jalan Kalisahak No 28 Komplek Balapan
									Yogyakarta";61;1:40;B;;13 Jurusan
UNIVERSITAS AMIKOM YOGYAKARTA;"Jalan Ring Road Utara Condong Catur Depok-Sleman
									Sleman";61;1:3;B;;16 Jurusan
INSTITUT SENI INDONESIA SURAKARTA;"Jl Ki Hajar Dewantara No 19 Kentingan, Jebres
									Surakarta";61;1:8;B;;16 Jurusan
UNIVERSITAS KATOLIK SOEGIJAPRANATA;"Jalan Pawiyatan Luhur IV/1
									Semarang";61;1:41;A;;23 Jurusan
UNIVERSITAS ISLAM NEGERI MAULANA MALIK IBRAHIM;"Jalan Gajayana No 50
									Malang";61;1:30;A;;59 Jurusan
UNIVERSITAS MUHAMMADIYAH PALEMBANG;"Jalan Jenderal Ahmad Yani 13 ULU PLAJU 
									Palembang";60;1:31;B;;31 Jurusan
UNIVERSITAS LAMBUNG MANGKURAT;"Jalan Brigjen H Hasan Basri
									Banjarmasin";59;1:14;B;"7.84 % 

Data Pendaftar ini hanya khusus untuk Universitas Negeri. Prosentase kemungkinan adalah Rasio Jumlah Pendaftar vs Quota Penerimaan Mahasiswa pada Tahun sebelumnya.";102 Jurusan
UNIVERSITAS PEMBANGUNAN NASIONAL VETERAN JAKARTA;Jakarta Selatan;59;1:36;B;;
UNIVERSITAS BINA DARMA;"Jl. Jend. A. Yani No.12, Seberang Ulu I, Kota Palembang, Sumatera Selatan 30264
									Kota Palembang";58;1:8;B;;13 Jurusan
UNIVERSITAS WIDYA KARTIKA;"Jl Sutorejo Prima Utara II/1, Surabaya
									Surabaya";58;1:6;C;;11 Jurusan
UNIVERSITAS PANCASILA;"Jalan Hang Lekir I No 8
									Jakarta Pusat";58;1:42;B;;10 Jurusan
UNIVERSITAS ISLAM NEGERI SULTHAN SYARIF KASIM;"Jl. H.R Soebrantas No 155 KM.15 Simpang Baru Panam Pekanbaru
									Pekanbaru";57;1:45;B;"13.03 % 

Data Pendaftar ini hanya khusus untuk Universitas Negeri. Prosentase kemungkinan adalah Rasio Jumlah Pendaftar vs Quota Penerimaan Mahasiswa pada Tahun sebelumnya.";45 Jurusan
UNIVERSITAS NASIONAL;"Jl Sawo Manila Pejaten Pasar Minggu
									Jakarta Selatan";57;1:21;A;;34 Jurusan
UNIVERSITAS AL MUSLIM;"Jl Tengku Abdurrahman No 37 Matangglumpangdua Bireuen Provinsi Aceh
									Bireuen";57;1:45;B;;22 Jurusan
UNIVERSITAS DARMA PERSADA;"Jalan Radin Inten II Pondok Kelapa, Jakarta Timur
									Jakarta Timur";56;1:31;B;;16 Jurusan
POLITEKNIK NEGERI SAMARINDA;"Jl Cipto Mangunkusumo Kampus Gunung Lipan
									Samarinda";56;1:14;B;;28 Jurusan
UNIVERSITAS ISLAM NEGERI ALAUDDIN;"Jalan Sultan Alauddin No 36 Samata Gowa
									Makassar";56;1:36;B;;60 Jurusan
UNIVERSITAS DHARMAWANGSA;"Jalan K L Yos Sudarso No 224
									Medan";56;1:37;C;;16 Jurusan
UNIVERSITAS PRESIDEN;"Jl. Ki Hajar Dewantara, Kota Jababeka, Cikarang Baru, Bekasi
									Bekasi";56;1:36;B;;13 Jurusan
UNIVERSITAS HANG TUAH;"Jl Arief Rachman Hakim No 150
									Surabaya";56;1:18;B;;19 Jurusan
UNIVERSITAS MULTIMEDIA NUSANTARA;"Scientia Garden Jln. Boulevard Gading Serpong Tangerang Banten
									Tangerang";55;1:4;A;;7 Jurusan
UNIVERSITAS SARJANAWIYATA TAMANSISWA;"Jalan Kusumanegara No 157, Yogyakarta
									Yogyakarta";55;1:49;B;;26 Jurusan
STMIK JAKARTA STI&K;"Jalan BRI No.17 Radio Dalam, Kebayoran Baru, Jakarta Selatan
									Jakarta Selatan";55;1:34;B;;4 Jurusan
UNIVERSITAS MUHAMMADIYAH PURWOREJO;"Jalan KH Ahmad Dahlan No 3
									Purworejo";55;1:40;B;;14 Jurusan
POLITEKNIK NEGERI SRIWIJAYA;"Jl Srijaya Negara Bukit Besar
									Palembang";55;1:9;B;;29 Jurusan
UNIVERSITAS BANGKA BELITUNG;"Jalan Merdeka No. 4
									Pangkalpinang";55;1:3;C;"12.69 % 

Data Pendaftar ini hanya khusus untuk Universitas Negeri. Prosentase kemungkinan adalah Rasio Jumlah Pendaftar vs Quota Penerimaan Mahasiswa pada Tahun sebelumnya.";28 Jurusan
UNIVERSITAS MEDAN AREA;"1. Jalan Kolam No. 1 Medan Estate - Medan (Kampus Utama / I) 2. Jalan Setia Budi
									Medan";55;1:32;B;;20 Jurusan
UNIVERSITAS PATTIMURA;"Jalan Ir M Putuhena, Kampus Poka, AMBON
									Ambon";54;1:10;B;"9.46 % 

Data Pendaftar ini hanya khusus untuk Universitas Negeri. Prosentase kemungkinan adalah Rasio Jumlah Pendaftar vs Quota Penerimaan Mahasiswa pada Tahun sebelumnya.";60 Jurusan
UNIVERSITAS MUHAMMADIYAH JAKARTA;"Jalan KH Ahmad Dahlan, Cirendeu, Ciputat
									Jakarta Selatan";53;1:40;B;;43 Jurusan
UNIVERSITAS SEMARANG;"Jalan  Soekarno Hatta
									Semarang";53;1:8;B;;15 Jurusan
UNIVERSITAS NEGERI MANADO;"Jalan Kampus Unima
									Minahasa";53;1:19;B;"31.33 % 

Data Pendaftar ini hanya khusus untuk Universitas Negeri. Prosentase kemungkinan adalah Rasio Jumlah Pendaftar vs Quota Penerimaan Mahasiswa pada Tahun sebelumnya.";79 Jurusan
SEKOLAH TINGGI ILMU EKONOMI PERBANAS SURABAYA;"Jalan Nginden Semolo No 34-36
									Surabaya";52;1:36;A;;6 Jurusan
UNIVERSITAS BALIKPAPAN;"Jl Aipda KS Tubun Kelurahan Gunung Bahagia
									Balikpapan";52;1:55;B;;12 Jurusan
UNIVERSITAS DJUANDA;"Jalan Tol Ciawi No.1 Ciawi Bogor
									Bogor";52;1:29;B;;15 Jurusan
UNIVERSITAS BORNEO TARAKAN;"Jl. Amal Lama No.01 Tarakan
									Tarakan";52;1:27;B;"15.90 % 

Data Pendaftar ini hanya khusus untuk Universitas Negeri. Prosentase kemungkinan adalah Rasio Jumlah Pendaftar vs Quota Penerimaan Mahasiswa pada Tahun sebelumnya.";20 Jurusan
UNIVERSITAS CIPUTRA SURABAYA;"UC Town Citra Land
									Surabaya";51;1:27;A;;8 Jurusan
UNIVERSITAS MUHAMMADIYAH MAKASSAR;"Jalan Sultan Alauddin No 259
									Makassar";51;1:6;B;;35 Jurusan
UNIVERSITAS TARUMANAGARA;"Jalan S Parman No 1, Grogol
									Jakarta Barat";51;1:31;A;;32 Jurusan
UNIVERSITAS BHAYANGKARA SURABAYA;"Jl Achmad Yani 114, Wonocolo
									Surabaya";51;1:28;B;;11 Jurusan
UNIVERSITAS SAHID;"Jl Prof Dr Soepomo Sh No 84
									Jakarta Selatan";50;1:38;B;;11 Jurusan
UNIVERSITAS MUHAMMADIYAH SURABAYA;"Jalan Sutorejo 59
									Surabaya";50;1:23;B;;31 Jurusan
UNIVERSITAS WARMADEWA;"Jalan Terompong No. 24 Tanjung Bungkak Denpasar Bali
									Denpasar";50;1:10;B;;19 Jurusan
UNIVERSITAS MUHAMMADIYAH BENGKULU;"Jalan Bali Kota Bengkulu 38119
									Bengkulu";50;1:30;B;;27 Jurusan
UNIVERSITAS KRISTEN INDONESIA;"Jalan Mayjen Sutoyo, Cawang
									Jakarta Timur";50;1:21;B;;28 Jurusan
UNIVERSITAS WIJAYA KUSUMA SURABAYA;"Jl. Dukuh Kupang XX No.53, Dukuh Kupang, Dukuh Pakis
									Surabaya";50;1:53;B;;26 Jurusan
UNIVERSITAS MERDEKA MALANG;"Jl Terusan Raya Dieng No 62-64
									Malang";50;1:14;B;;26 Jurusan
UNIVERSITAS PENDIDIKAN NASIONAL;"Jl. Bedugul No. 39 Sidakarya
									Denpasar";50;1:43;B;;10 Jurusan
UNIVERSITAS ISLAM RIAU;"Jalan Kaharuddin Nasution, Simpang Tiga, Bukit Raya
									Pekanbaru";50;1:41;B;;36 Jurusan
UNIVERSITAS ISLAM NEGERI ANTASARI BANJARMASIN;"Jalan Jenderal Ahmad Yani Km. 4,5
									Banjarmasin Timur";50;1:16;B;;32 Jurusan
UNIVERSITAS MUHAMMADIYAH PONOROGO;"Jalan Cepu Km 3 Ngawi, Jawa Timur Indonesia
									Ngawi";50;1:30;B;;6 Jurusan
UNIVERSITAS KANJURUHAN;"Jl. S. Supriyadi No. 48 Kel. Bandungrejosari Kec. Sukun
									Sukun";50;1:52;B;;22 Jurusan
UNIVERSITAS MUHAMMADIYAH MAGELANG;"Kampus 1 : Jalan Tidar No 21  Kampus 2 : Jl. mayjend Bambang Soegeng KM5 Mertoy
									Magelang";50;1:35;B;;17 Jurusan
UNIVERSITAS 17 AGUSTUS 1945 SURABAYA;"Jalan Semolowaru No 45 Surabaya
									Jawa Timur";49;1:34;B;;26 Jurusan
UNIVERSITAS PELITA HARAPAN;"UPH Tower, Jalan MH Thamrin Boulevard 1100, Lippo Karawaci
									Tangerang";49;1:17;B;;45 Jurusan
UNIVERSITAS MUHAMMADIYAH JEMBER;"Jalan Karimata No 49
									Jember";49;1:45;B;;25 Jurusan
UNIVERSITAS MAHASARASWATI DENPASAR;"Jalan Kamboja No 11 A Kreneng Denpasar - Bali
									Denpasar";49;1:16;B;;16 Jurusan
UNIVERSITAS PGRI YOGYAKARTA;"Jalan PGRI Sonosewu No 117
									Bantul";49;1:49;B;;16 Jurusan
UNIVERSITAS HALU OLEO;"Kampus Bumi Tridharma Anduonohu, Jalan H.E.A. Mokodompit, Kodya Kendari, Sulawesi
									Kendari";49;1:24;B;"7.66 % 

Data Pendaftar ini hanya khusus untuk Universitas Negeri. Prosentase kemungkinan adalah Rasio Jumlah Pendaftar vs Quota Penerimaan Mahasiswa pada Tahun sebelumnya.";95 Jurusan
UNIVERSITAS BHAYANGKARA JAKARTA RAYA;"Jalan Dharmawangsa I No 1 Kebayoran Baru
									Jakarta Selatan";48;1:56;B;;12 Jurusan
POLITEKNIK NEGERI BANDUNG;"Jln.Gegerkalong Hilir Desa Ciwaruga
									Bandung";48;1:1;A;;40 Jurusan
UNIVERSITAS MUSLIM INDONESIA;"Jl. Urip Sumoharjo Km. 05 Makassar
									Makassar";48;1:30;B;;51 Jurusan
STMIK AKAKOM;"Jalan Raya Janti No 143 Karangjambe, Banguntapan, Bantul D.i. Yogyakarta
									Bantul";47;1:40;B;;5 Jurusan
UNIVERSITAS PROF DR MOESTOPO (BERAGAMA);"Jalan Hang Lekir I No 8
									Jakarta Pusat";47;1:34;B;;10 Jurusan
INSTITUT TEKNOLOGI NASIONAL MALANG;"Jalan Bendungan Sigura-gura 2 Jalan Raya Karanglo Km-2
									Malang";47;1:30;B;;16 Jurusan
UNIVERSITAS ISLAM MALANG;"Jalan Mayjen Haryono No 193
									Malang";46;1:34;B;"5.23 % 

Data Pendaftar ini hanya khusus untuk Universitas Negeri. Prosentase kemungkinan adalah Rasio Jumlah Pendaftar vs Quota Penerimaan Mahasiswa pada Tahun sebelumnya.";29 Jurusan
SEKOLAH TINGGI TEKNOLOGI GARUT;"Jalan Mayor Syamsu No 2 Desa Jayaraga Kecamatan Tarogong Kidul
									Garut";46;1:8;C;;6 Jurusan
UNIVERSITAS SATYA NEGARA INDONESIA;"Jl Arteri Pondok Indah No 11 Kebayoran Lama
									Jakarta Selatan";46;1:44;B;;12 Jurusan
POLITEKNIK NEGERI SEMARANG;"Jalan Prof H Soedarto SH Tembalang, Semarang
									Semarang";46;1:13;A;;29 Jurusan
UNIVERSITAS MUHAMMADIYAH GRESIK;"Jalan Sumatera No 101 Gresik Kta Baru (GKB) Gresik
									Gresik";45;1:;B;"54.72 % 

Data Pendaftar ini hanya khusus untuk Universitas Negeri. Prosentase kemungkinan adalah Rasio Jumlah Pendaftar vs Quota Penerimaan Mahasiswa pada Tahun sebelumnya.";32 Jurusan
UNIVERSITAS ISLAM 45;"Jalan Cut Meutia No 83
									Bekasi";45;1:37;C;;25 Jurusan
UNIVERSITAS MUHAMMADIYAH PROF DR HAMKA;"Jalan Limau II Kebayoran Baru
									Jakarta Selatan";45;1:43;A;;42 Jurusan
UNIVERSITAS PEKALONGAN;"Jalan Sriwijaya No 3
									Pekalongan";45;1:48;B;;14 Jurusan
POLITEKNIK NEGERI JAKARTA;"Kampus Baru Universitas Indonesia
									Depok";45;1:20;A;;34 Jurusan
UNIVERSITAS BATANGHARI JAMBI;"Jl. Slamet Riyadi Broni Jambi
Kel. Sei. Putri Kec. Telanaipura 36122
									Jambi";45;1:43;C;;16 Jurusan
UNIVERSITAS INTERNASIONAL BATAM;"Jalan Gajah Mada, Sei Ladi, Tiban Indah, Sekupang, Kota Batam, Kepulauan Riau 29442
									Batam";45;1:3;C;;9 Jurusan
UNIVERSITAS JANABADRA;"Jl Tentara Rakyat Mataram 55
									Yogyakarta";44;1:26;B;;11 Jurusan
INSTITUT TEKNOLOGI ADHI TAMA SURABAYA;"Jl Arief Rachman Hakim 100
									Surabaya";44;1:44;C;;16 Jurusan
UNIVERSITAS ISLAM MAJAPAHIT;"Jalan Raya Jabon Mojokerto
									Mojokerto";44;1:35;C;;14 Jurusan
UNIVERSITAS KATOLIK WIDYA MANDALA SURABAYA;"Pakuwon City, Jalan Kalisari No.1, Kalisari, Mulyorejo, Kalisari, Mulyorejo
									Surabaya";44;1:23;A;;20 Jurusan
UNIVERSITAS MUHAMMADIYAH CIREBON;"Jalan Pasir Gede Raya Cianjur
									Cianjur";44;1:23;C;;16 Jurusan
UNIVERSITAS DEHASEN BENGKULU;"Jl. Meranti Raya No.32 Sawah Lebar Bengkulu
									Bengkulu";44;1:27;C;;18 Jurusan
UNIVERSITAS GARUT;"Jalan Raya Samarang No. 52.A Tarogong Kidul
									Garut";43;1:23;B;;14 Jurusan
UNIVERSITAS NUSANTARA PGRI KEDIRI;"Jl KH Achmad Dahlan 76 Mojoroto
									Kediri";43;1:86;C;;29 Jurusan
UNIVERSITAS KATOLIK WIDYA MANDALA MADIUN;"Jl Manggis N0 15-17
									Madiun";43;1:14;C;;9 Jurusan
SEKOLAH TINGGI MANAJEMEN PPM;"Jalan Menteng Raya No 9
									Jakarta Pusat";43;1:21;B;;3 Jurusan
UNIVERSITAS VETERAN BANGUN NUSANTARA;"Jl. Letjend Sujono Humardani No. 1
									Sukoharjo";42;1:7;B;;26 Jurusan
UNIVERSITAS BOROBUDUR;"Jalan Raya Kalimalang No 1
									Jakarta Timur";42;1:26;C;;20 Jurusan
UNIVERSITAS SILIWANGI;"Jl. Siliwangi No.24 Tasikmalaya
									Tasikmalaya";42;1:45;C;;55 Jurusan
POLITEKNIK PERKAPALAN NEGERI SURABAYA;"Kampus ITS Sukolilo, Jl. Teknik Kimia, Keputih, Sukolilo, Kota SBY, Jawa Timur 60111
									Surabaya";42;1:20;B;;17 Jurusan
STAIN KUDUS;"Jl. Conge Ngembal Rejo PO.BOX 51 Kudus Telp. (0291) 432677,438818
									Kudus";42;1:2;C;;17 Jurusan
SEKOLAH TINGGI ILMU EKONOMI YKPN;"Jalan Seturan Catur Tunggal Depok Sleman
									Sleman";41;1:59;B;;6 Jurusan
UNIVERSITAS MUHAMMADIYAH SUKABUMI;"Jalan R Syamsudin SH No 54
									Sukabumi";41;1:27;B;;20 Jurusan
INSTITUT INFORMATIKA DAN BISNIS DARMAJAYA;"Jalan Z.A. Pagar Alam, No.93 Labuhan Ratu
									Bandar Lampung";41;1:60;C;;10 Jurusan
UNIVERSITAS KATOLIK DE LA SALLE;"Kairagi I Kombos Manado - Sulawesi Indonesia 
									Manado";41;1:14;B;;11 Jurusan
UNIVERSITAS TRIBHUWANA TUNGGA DEWI;"Jl Telaga Warna, Tlogomas, Malang
									Malang";41;1:44;C;;18 Jurusan
POLITEKNIK NEGERI LHOKSEUMAWE;"Jalan Medan-Banda Aceh Km 280 Buketrata-Kota Lhokseumawe
									Lhokseumawe";41;1:9;B;;31 Jurusan
UNIVERSITAS CENDERAWASIH;"Kampus Uncen Waena Jl Camp Wolker
									Jayapura";41;1:25;B;"5.57 % 

Data Pendaftar ini hanya khusus untuk Universitas Negeri. Prosentase kemungkinan adalah Rasio Jumlah Pendaftar vs Quota Penerimaan Mahasiswa pada Tahun sebelumnya.";69 Jurusan
UNIVERSITAS WIDYA MATARAM;"Jalan Dalem Mangkubumen KT III/237, Kadipaten, Kraton
									Yogyakarta";41;1:32;B;;10 Jurusan
UNIVERSITAS MPU TANTULAR;"Jalan Cipinang Besar No 2
									D.K.I. Jakarta";41;1:23;B;;14 Jurusan
UNIVERSITAS ISLAM MADURA;"Kompleks PP Miftahul Ulum Bettet
									Pamekasan";41;1:29;C;;15 Jurusan
SEKOLAH TINGGI TEKNIK SURABAYA;"Jl Ngagel Jaya Tengah No 73-77
									Surabaya";40;1:18;B;;8 Jurusan
POLITEKNIK NEGERI MEDAN;"Jalan Almamater No 1 Kampus USU
									Sumatera Utara";40;1:16;B;;19 Jurusan
UNIVERSITAS KATOLIK WIDYA KARYA;"Jln. Bondowoso No.02
									Malang";40;1:11;C;;29 Jurusan
UNIVERSITAS ISLAM NEGERI WALISONGO SEMARANG;"-
									Semarang";39;1:0;B;;25 Jurusan
UNIVERSITAS GAJAYANA;"Jalan Mertojoyo Blok L, Merjosari Malang
									Malang";39;1:27;B;;11 Jurusan
UNIVERSITAS INDO GLOBAL MANDIRI;"Jl. Jendral Sudirman No. 629 Km. 3.5 Palembang
									Palembang";39;1:21.7;B;;19 Jurusan
UNIVERSITAS SURYAKANCANA;"Jalan Pasir Gede Raya Cianjur
									Cianjur";39;1:31;C;;16 Jurusan
SEKOLAH TINGGI ILMU EKONOMI MALANGKUCECWARA;"Jl. Terusan Candi Kalasan, Blimbing
									Malang";39;1:12;B;;4 Jurusan
POLITEKNIK NEGERI BANJARMASIN;"Jalan Brigjen H Hasan Basry Komplek Unlam
									Banjarmasin";39;1:14;C;;15 Jurusan
UNIVERSITAS ALWASHLIYAH;"Jalan Sisingamangaraja Km 5,5
									Sumatera Utara";38;1:25;C;;16 Jurusan
POLITEKNIK NEGERI JEMBER;"Jalan Mastrip, Sumbersari
									Jember";38;1:31;B;;40 Jurusan
UNIVERSITAS AL-AZHAR INDONESIA;"Komplek Masjid Agung Al Azhar

									Jakarta";38;1:24;B;;16 Jurusan
UNIVERSITAS ABDURRAB;"Jl. Riau Ujung No. 73, Tampan, Air Hitam, Payung Sekaki
									Pekanbaru";38;1:16;C;;16 Jurusan
UNIVERSITAS MUSAMUS MERAUKE;"Jalan Kamizaun Mopah Lama Merauke
									Merauke";37;1:20;B;"24.01 % 

Data Pendaftar ini hanya khusus untuk Universitas Negeri. Prosentase kemungkinan adalah Rasio Jumlah Pendaftar vs Quota Penerimaan Mahasiswa pada Tahun sebelumnya.";49 Jurusan
UNIVERSITAS MUHAMMADIYAH PONTIANAK;"Jl. Ahmad Yani No. 111
									Pontianak";37;1:5;B;;13 Jurusan
STMIK ATMA LUHUR;"Jl. Jendral Sudirman, Kel. Selindung Baru, Kec. Pangkal Balam
									Pangkalpinang";37;1:45;C;;4 Jurusan
STAIN PURWOKERTO;"Jl. Jend. A Yani No. 40A Purwanegara Purwokerto Utara
									Banyumas";37;1:14;B;;14 Jurusan
UNIVERSITAS AL-GHIFARI;"Jalan Cisaranten Kulon No 140
									Bandung";37;1:30;C;;7 Jurusan
INSTITUT TEKNOLOGI PADANG;"Jalan Gajah Mada Kandis Nanggalo
									Padang";37;1:44;B;;9 Jurusan
UNIVERSITAS MUHAMMADIYAH RIAU;"Jl. KH. Ahmad Dahlan No 88 Pekanbaru
									Pekanbaru";36;1:32;B;;15 Jurusan
UNIVERSITAS 45 MAKASSAR;"Jalan Urip Sumoharjo KM 4
									Makassar";36;1:11;B;;31 Jurusan
STAIN PAREPARE;"Jl. Amal Bakti, No. 08, Soreang Kota Parepare
									Pare - Indonesia";36;1:16;B;;7 Jurusan
UNIVERSITAS PGRI ADI BUANA;"Jalan Ngagel Dadi III-B No 37
									Surabaya";36;1:36;B;;29 Jurusan
UNIVERSITAS DAYANU IKHSANUDDIN;"Jalan Yos Sudarso No 43
									Baubau";35;1:28;C;;16 Jurusan
UNIVERSITAS PANCASAKTI MAKASSAR;"Jalan Andi Mangerangi No 73 Makassar
									Makassar";35;1:8;B;;8 Jurusan
UNIVERSITAS SAINS ALQUR AN;"Jalan Raya Kalibeber Km 3 Mojotengah
									Wonosobo";35;1:49;B;;24 Jurusan
UNIVERSITAS KHAIRUN;"Jalan Pertamina Kampus II Gambesi
									Ternate";35;1:19;B;"13.02 % 

Data Pendaftar ini hanya khusus untuk Universitas Negeri. Prosentase kemungkinan adalah Rasio Jumlah Pendaftar vs Quota Penerimaan Mahasiswa pada Tahun sebelumnya.";37 Jurusan
UNIVERSITAS MUHAMMADIYAH ACEH;"Jalan Muhammadiyah No 91 Desa Batoh, Kecamatan Lueng Bata
									Banda Aceh";35;1:53;C;;13 Jurusan
UNIVERSITAS BATURAJA;"Jl Ratu Penghulu No 2301
									Ogan Komering Ulu";34;1:63;B;;11 Jurusan
UNIVERSITAS WIJAYA KUSUMA PURWOKERTO;"Kampus Karangsalam Purwokerto
									Banyumas";34;1:3;B;;12 Jurusan
UNIVERSITAS MUHAMMADIYAH GORONTALO;"Jl. Prof. Dr. H. Mansoer Pateda Desa Pentadio Timur, Kec. Telaga Biru
									Gorontalo";34;1:23;B;;12 Jurusan
UNIVERSITAS ISLAM MAKASSAR;"Jl Perintis Kemerdekaan No 29
									Makassar";34;1:28;B;;26 Jurusan
UNIVERSITAS KAPUAS SINTANG;"Jl. YC Oevang Oeray No.92, Baning Kota, Kec. Sintang, Kabupaten Sintang
									Kalimantan Barat";34;1:33;C;;6 Jurusan
POLITEKNIK NEGERI AMBON;"Jalan Ir M Putuhena Wailela Rumahtiga
									Ambon";34;1:7;B;;7 Jurusan
UNIVERSITAS PAWYATAN DAHA;"Jl Soekarno-hatta No 49 Kediri
									Kediri";34;1:14;C;;7 Jurusan
UNIVERSITAS ISLAM DARUL `ULUM;"Jln. Airlangga 03 Sukodadi Lamongan
									Lamongan";34;1:24;C;;19 Jurusan
UNIVERSITAS SLAMET RIYADI;"Jalan Sumpah Pemuda No. 18 Kadipiro Banjarsari Surakarta Jawa Tengah
									Surakarta";34;1:17;B;;18 Jurusan
UNIVERSITAS WIRARAJA;"Jl. Raya Sumenep - Pamekasan KM.5 Patean Sumenep
									Sumenep";34;1:45;C;;11 Jurusan
UNIVERSITAS PEMBANGUNAN PANCA BUDI;"Jl. Jend. Gatot Subroto Km 4,5 Sie Sikambing Medan 20122
									Medan";34;1:3;B;;16 Jurusan
UNIVERSITAS HINDU INDONESIA;"Jl. Sangalangit , Tembau , Penatih
									Kota Denpasar - Prop. Bali";33;1:7;B;;17 Jurusan
UNIVERSITAS ALKHAIRAAT;"Jalan Diponegoro No 39 Palu
									Kota Palu - Prop. Sulawesi Tengah - Indonesia";33;1:20;C;;13 Jurusan
UNIVERSITAS MAHENDRADATTA;"Jalan Ken Arok No 12
									Denpasar";33;1:17;C;;5 Jurusan
UNIVERSITAS DWIJENDRA;"Jl. Kamboja No.17, Dangin Puri Kangin, Denpasar Utara
									Denpasar";32;1:31;B;;10 Jurusan
UNIVERSITAS KRISTEN INDONESIA TORAJA;"Jalan Nusantara No 12
									Tana Toraja";32;1:8;B;;14 Jurusan
UNIVERSITAS PANJI SAKTI SINGARAJA;"Jl. Bisma No.22, Banjar Tegal, Singaraja
									Buleleng";32;1:15;C;;6 Jurusan
UNIVERSITAS SERANG RAYA;"Jl. KH. Amin Jasuta No. 15 C Kaloran Brimob Serang
									Serang";32;1:53;B;;15 Jurusan
UNIVERSITAS TRIDINANTI;"Jl Kapten Marzuki No 2446 Kamboja
									Sumatera Selatan";32;1:40;C;;18 Jurusan
UNIVERSITAS MUARA BUNGO;"Jalan Diponoro No. 27 Muara Bungo
									Bungo";31;1:41;C;;11 Jurusan
UNIVERSITAS KRISTEN INDONESIA TOMOHON;"Jalan Raya Talete II Kampus II UKIT Kuranga
									Tomohon";31;1:14;B;;16 Jurusan
UNIVERSITAS WISNUWARDHANA;"Jl. Danau Sentani 99
									Malang";31;1:27;B;;14 Jurusan
UNIVERSITAS 17 AGUSTUS 1945 CIREBON;"Jalan Perjuangan No 17 By Pass
									Cirebon";31;1:28;B;;14 Jurusan
UNIVERSITAS WAHID HASYIM;"Menoreh Tengah X/22 Sampangan
									Semarang";31;1:78;B;;20 Jurusan
UNIVERSITAS JABAL GHAFUR;"Jalan Gle Gapui, Peutoe, Sigli
									Pidie";31;1:42;C;;20 Jurusan
UNIVERSITAS COKROAMINOTO PALOPO;"Jalan Latammacelling No 09-B
									Palopo";31;1:7;B;;14 Jurusan
UNIVERSITAS SINTUWU MAROSO POSO;"Jl. Pulau Timor No. 1
									Poso";31;1:24;B;;8 Jurusan
STMIK INDONESIA JAKARTA;"Jl. Siantar No.6 Cideng
									Jakarta Pusat";30;1:38;C;;2 Jurusan
UNIVERSITAS KUTAI KARTANEGARA TENGGARONG;"Jalan Gunung Kombeng No. 27 Tenggarong
									Kutai Kartanegara";30;1:49;C;;11 Jurusan
UNIVERSITAS MERDEKA MADIUN;"Jl. Serayu No. 79 Madiun
									Madiun";30;1:25;B;;11 Jurusan
UNIVERSITAS MUHAMMADIYAH PALANGKA RAYA;"Jalan RTA Milono Km 1,5  Palangka Raya Kalimantan Tengah
									Palangka Raya";30;1:29;B;;18 Jurusan
UNIVERSITAS ABDURACHMAN SALEH;"Jl PB Sudirman No 07 Patokan
									Probolinggo";30;1:38;B;;11 Jurusan
UNIVERSITAS MUHAMMADIYAH KENDARI;"Jalan KH Ahmad Dahlan No 10
									Kendari";29;1:39;C;;13 Jurusan
Universitas Pesantren Tinggi Darul  ulum;"Tromol Pos 10 Peterongan Ponpes Darul Ulum Jombang
									Jombang";29;1:20;B;;15 Jurusan
UNIVERSITAS ISLAM KADIRI;"Jl. Sersan Suharmaji No. 38
									Kediri";29;1:47;C;;10 Jurusan
UNIVERSITAS ISLAM AS-SYAFIIYAH;"Jl. Jatiwaringin Raya No.12, Jaticempaka, Pondok gede
									Bekasi";28;1:33;C;;21 Jurusan
UNIVERSITAS RATU SAMBAN;"Jl Jenderal Sudirman No 87 Bengkulu Utara
									Bengkulu Utara";28;1:17;C;;11 Jurusan
UNIVERSITAS MUHAMMADIYAH MALUKU UTARA;"Jln. K.H. Ahmad Dahlan No. 100, Kel. Sasa
									Ternate";28;1:57;B;;17 Jurusan
UNIVERSITAS 45 SURABAYA;"KOMPLEKS GEDUNG JUANG 45 JL. MAYJEND SUNGKONO 106
									Surabaya";27;1:10;C;;8 Jurusan
UNIVERSITAS NUSA NIPA;"Jl. Kesehatan No.3, Beru, Alok Tim
									Sikka";27;1:22;C;;11 Jurusan
UNIVERSITAS SURYADARMA;"Komplek Bandar Udara Halim Perdanakusuma Jl Protokol Halim PK - Jakarta
									Jakarta Timur";27;1:26;B;;12 Jurusan
UNIVERSITAS KATOLIK DARMA CENDIKA;"Jl. DR. Ir. H. Soekarno No. 201 Surabaya 60117
									Surabaya";27;1:13;B;;5 Jurusan
UNIVERSITAS GUNUNG RINJANI;"Jl. Raya Mataram-Lombok Km 50, Selong
									Lombok Timur";27;1:2;C;;6 Jurusan
UNIVERSITAS ISLAM INDRAGIRI;"Jl. Provinsi No. 1, Parit 1 Tembilahan Hulu
									Riau";27;1:64;C;;19 Jurusan
INSTITUT ILMU KEISLAMAN ANNUQAYAH (INSTIKA) GULUK-GULUK SUMENEP;"Jln. Bukit Lancaran Pondok Pesantren Annuqayah Guluk-Guluk
									Sumenep";27;1:1;C;;8 Jurusan
STAI ALHIKMAH JAKARTA SELATAN;"Jl. Jeruk Purut No. 10 Rt. 10/03 Cilandak Timur Pasar Minggu
									Jakarta Selatan";27;1:1;B;;4 Jurusan
STAIN PEKALONGAN;"Jl. Kusuma Bangsa No.9
									Pekalongan";27;1:1;C;;14 Jurusan
AKADEMI SEKRETARIS DAN MANAJEMEN PERSADA BUNDA;"Jl. Diponegoro No.42
									Pekanbaru";27;1:1;C;;2 Jurusan
STIS AL-WAHIDIYAH KEDIRI JAWA TIMUR;"Ponpes Kedunglo Al Munadhdhoroh Jl. KH. Wachid Hasyim Kediri
									Kediri";27;1:1;B;;1 Jurusan
STIT YAPTIP SIMPANG PASAMAN BARAT;"Jl. Bundo Kanduang No. 142, Simpang Ampek, Kab. Pasaman Barat, Prov. Sumatera Ba
									Pasaman Barat";27;1:1;C;;3 Jurusan
STAI CIREBON;"Komplek Islamic Centre Kab. Cirebon, Jl. Tuparev No. 111 Cirebon
									Cirebon";27;1:1;C;;2 Jurusan
POLTEKKES KEMENKES MANADO;"Jl. R. W. Mongisidi Malalayang II Manado
									Manado";27;1:1;B;;11 Jurusan
SEKOLAH TINGGI TEOLOGI BAPTIS JAKARTA;Grogol Petamburan;27;1:1;C;;2 Jurusan
SEKOLAH TINGGI ILMU MANAJEMEN HANDAYANI;"Jl. Tukad Banyusari No. 17B
									Denpasar";27;1:1;C;;2 Jurusan
SEKOLAH TINGGI AGAMA HINDU NEGERI TAMPUNG PENYANG PALANGKA RAYA;"Jalan G Obos 10, Palangka Raya, Kalimantan Tengah
									Jekan Raya";27;1:1;C;;11 Jurusan
UNIVERSITAS ISLAM NEGERI MATARAM;"Jl. Pendidikan No.35 Mataram
									Mataram";27;1:1;B;;24 Jurusan
UNIVERSITAS MUHAMMADIYAH PARE-PARE;"Jalan Jenderal Ahmad Yani KM 6
									Pare - Indonesia";27;1:1;B;;22 Jurusan
SEKOLAH TINGGI ILMU EKONOMI BENTARA PERSADA BATAM;"Kelurahan I Sub Wilayah Khusus
									Batam";27;1:1;C;;1 Jurusan
STIKES INSAN CENDEKIA MEDIKA JOMBANG;"JL. Halmahera, No. 33, Jombatan, Kaliwungu, Kec. Jombang, Kabupaten Jombang, Jawa Timur 61419
									Jombang";27;1:1;C;;6 Jurusan
AKADEMI KEBIDANAN BHAKTI PURNA HUSADA;"Jl. Raya Taktakan KM.1 cirengas
									Serang";27;1:1;C;;1 Jurusan
STISIPOL CANDRADIMUKA;"Jl. Swadaya Sekip Ujung, Ilir Timur
									Palembang";27;1:2;C;;5 Jurusan
INSTITUT STUDI ISLAM DARUSSALAM (ISID) GONTOR PONOROGO;"Jl. Raya Siman Km. 6, Siman, Demangan
									Ponorogo";27;1:2;B;;10 Jurusan
STAI MIFTAHUL ULA NGLAWAK KERTOSONO, NGANJUK;"Jln. KH. Abdul Fattah Nglawak Kertosono Nganjuk
									Nganjuk";27;1:2;C;;4 Jurusan
POLITEKNIK CALTEX;"Jalan Umban Sari No 1 Rumbai
									Pekanbaru";27;1:2;B;;11 Jurusan
SEKOLAH TINGGI ILMU PERTANIAN WUNA RAHA;"Jalan Jenderal Sudirman No 65 Lepo-lepo
									Muna";27;1:2;C;;4 Jurusan
AMIK LUWUK BANGGAI;"Jalan Dr. Sutardjo No.30 Luwuk, Luwuk - Sulawesi Tengah
									Luwuk";27;1:2;C;;2 Jurusan
AKADEMI KEPERAWATAN BARAMULI;"Jl Arnold Mononutu Airmadidi
									Minahasa Utara";27;1:2;B;;1 Jurusan
STMIK PRINGSEWU;"Jl. Wisma Rini No.9, Pringsewu Sel
									Pringsewu";27;1:2;C;;2 Jurusan
STAI KUALA KAPUAS, KALIMANTAN TENGAH;"Selat Tengah, Kec. Selat, Kabupaten Kapuas
									Sintang";27;1:3;C;;2 Jurusan
AKADEMI KEBIDANAN MUHAMMADIYAH PALOPO;"Jalan Jenderal Sudirman KM 3 Binturu
									Palopo";27;1:3;C;;1 Jurusan
SEKOLAH TINGGI ILMU KESEHATAN BALI;"Jl Tukad Balian No. 180 Renon Denpasar Bali
									Denpasar";27;1:3;B;;4 Jurusan
SEKOLAH TINGGI ILMU KESEHATAN YAPIKA;"Jalan Sultan Alauddin No 98. Makassar
									Makassar";27;1:3;C;;5 Jurusan
AKADEMI KESEHATAN LINGKUNGAN MUHAMMADIYAH MAKASSAR;"Jl. Dr. Ratulangi No.101, Allepolea, Lau
									Makassar";27;1:3;C;;1 Jurusan
STMIK INDONESIA PADANG;"Jln. Khatib Sulaiman Dalam No. 1 Kelurahan Belanti - Kecamatan Padang Utara
									Padang";27;1:3;B;;3 Jurusan
UNIVERSITAS ISLAM BALITAR;"Jl. Majapahit No.4, Sananwetan
									Blitar";26;1:4;C;;17 Jurusan
AKADEMI BAHASA ASING PERSADA BUNDA;"Jl. Diponegoro No.42
									Pekanbaru";26;1:4;C;;1 Jurusan
SEKOLAH TINGGI ILMU KESEHATAN DELI HUSADA;"Jl. Besar Deli Tua No.77, Deli Tua Tim., Deli Tua
									Deli Serdang";26;1:4;B;;6 Jurusan
STAI JAM`IYAH MAHMUDIYAH TANJUNGPURA LANGKAT, SUMATERA UTARA;"Jl. Syekh M. Yusuf No. 24 Tanjung Pura - Langkat
									Langkat";26;1:4;C;;3 Jurusan
SEKOLAH TINGGI ILMU EKONOMI PERSADA BUNDA;"Jalan Diponegoro No 42
									Pekanbaru";26;1:4;C;;2 Jurusan
INSTITUT STUDI ISLAM FAHMINA (ISIF);"Jl. Swasembada No.15 Majasem-Karyamulya
									Cirebon";26;1:4;C;;6 Jurusan
SEKOLAH TINGGI ILMU EKONOMI YAPAN;"Jln. IKIP Gunung Anyar E / 152 – 154 dan 197 – 198.
									Surabaya";26;1:4;B;;3 Jurusan
SEKOLAH TINGGI AGAMA BUDDHA NALANDA;"Jln. Pulo Gebang Permai RT13/RW04,  Kec Cakung Jakarta Timur
									Jakarta Timur";26;1:4;C;;3 Jurusan
UNIVERSITAS OTTOW GEISSLER JAYAPURA;"Jl. T. Nyak Adam Kamil No. 116/121
									Indonesia";26;1:4;C;;1 Jurusan
SEKOLAH TINGGI TEOLOGI ALETHEIA;"Jalan. Argopuro 28-34, PO BOX 100
									Malang";26;1:4;C;;3 Jurusan
SEKOLAH TINGGI ILMU PARIWISATA MANADO;"Jl Kampus STP Pinalelepo Sosonopan Paniki bawah Kecamatan Mapanget Manado
									Manado";26;1:4;C;;2 Jurusan
AKADEMI KEBIDANAN PRESTASI AGUNG;"Jalan Sunan Giri No 5-A
									Jakarta Timur";26;1:4;B;;1 Jurusan
SEKOLAH TINGGI ISLAM BLAMBANGAN BANYUWANGI;"Bumi Cempoko Sari No. 40 Cluring
									Banyuwangi";26;1:4;C;;4 Jurusan
INSTITUT INFORMATIKA INDONESIA SURABAYA;"Pattimura No. 3 d/h Raya Sukomanunggal Jaya No.3
									Surabaya";26;1:4;C;;6 Jurusan
STAI BUSTANUL ULUM KRAI, LUMAJANG;"Jl. Doktren, No. 26, Krai Yosowilangun, Krai
									Lumajang";26;1:5;C;;2 Jurusan
STIE NOBEL INDONESIA MAKASSAR;"Gedung Perkuliahan Jl. Sultan Alauddin No. 212
									Makassar";26;1:5;C;;3 Jurusan
SEKOLAH TINGGI PERTANIAN HAJI AGUS SALIM;"Jalan Prof. Dr. Bachder Djohan, Mandiangin, Campago Ipuh, Mandiangin Koto Selayan
									Agam";26;1:5;C;;1 Jurusan
STIT MASKUMAMBANG GRESIK;"Jl. Raya Sembungankidul No. 11-15 Dukun
									Gresik";26;1:5;C;;2 Jurusan
STIKES KURNIA JAYA PERSADA;"Jalan Dr Ratulangi No 172
									Palopo";26;1:5;B;;3 Jurusan
UNIVERSITAS TEKNOLOGI SULAWESI UTARA;"Jalan Piere Tendean Komplek Megamas Smart 6 No 12
									Manado";26;1:28;C;;10 Jurusan
SEKOLAH TINGGI ILMU TARBIYAH (STIT) AL-KARIMIYYAH BERJIGAPURA SUMENEP;"Jl. Raya Gapura km 5 Beraji Gapura Sumenep Madura
									Sumenep";26;1:5;C;;4 Jurusan
STIKES FAATHIR HUSADA;"Jl.Raya Kresek KM 3 Desa Merak Balaraja Kabupaten Tangerang - Banten
									Tangerang";26;1:5;C;;2 Jurusan
SEKOLAH TINGGI AGAMA HINDU NEGERI GDE PUDJA MATARAM;"Jln.Pancaka No. 7B Mataram, Nusa Tenggara Barat
									Mataram";26;1:5;C;;6 Jurusan
STIKES WIRA MEDIKA BALI;"Jl Kecak No. 9A Gatot Subroto Timur
									Denpasar";26;1:5;C;;3 Jurusan
STMIK PRIMAKARA;"Jalan Tukad Badung No. 135, Renon
									Denpasar";26;1:6;B;;4 Jurusan
STAI TEBING TINGGI DELI, SUMATERA UTARA;"Jln. T. Imam Bonjol No. 16-A Kota Tebing Tinggi Sumatera Utara
									Tebing Tinggi";26;1:6;C;;2 Jurusan
SEKOLAH TINGGI ILMU KESEHATAN MUHAMADIYAH MANADO;"Jl. Sasuit Tubun No. 9 Kel. Istiqlal Lingk. 1 Kec. Wenang
									Manado";26;1:6;C;;3 Jurusan
POLITEKNIK PERTANIAN NEGERI SAMARINDA;"Jl. Samratulangi Samarinda 75131
									Samarinda";26;1:6;C;;8 Jurusan
POLITEKNIK PERTANIAN NEGERI PANGKAJENE KEPULAUAN;"Poros Makassar-parepare Km 83 , Desa Manadlle, Kec. Mandalle, Kabupaten Pangkaje
									Pangkajene Kepulauan";26;1:7;B;;12 Jurusan
AKADEMI KEBIDANAN HAJI AMIRULLAH;"Jl. Abd. Kadir, Balang Baru, Tamalate
									Makassar";26;1:7;C;;1 Jurusan
SEKOLAH TINGGI AGAMA BUDDHA NEGERI RADEN WIJAYA;"Jl. Kantil Bulusulur, Wonogiri Jawa Tengah
									Wonogiri";26;1:7;C;;3 Jurusan
AKADEMI KEBIDANAN BUNGA BANGSAKU BANGKA;"JL. Depati Hamzah, Semabung Lama, Bukit Intan
									Pangkalpinang";26;1:7;C;;1 Jurusan
STIKES WIDYA CIPTA HUSADA;"Jl. Sidotopo No.11, Dilem, Kepanjen
									Malang";26;1:7;C;;6 Jurusan
POLITEKNIK MANUFAKTUR NEGERI BANGKA BELITUNG;"Kawasan Industri Airkantung, Sungailiat
									Bangka";26;1:7;C;;5 Jurusan
STIKES IST BUTON;"Jalan Wa Ode Wau No. 51 Kota Baubau
									Baubau";26;1:7;C;;4 Jurusan
AKADEMI AKUPUNKTUR SURABAYA;"Jl. Parang Kusumo no.14
									Surabaya";26;1:8;C;;1 Jurusan
SEKOLAH TINGGI AGAMA BUDDHA NEGERI SRIWIJAYA TANGERANG;"Kompleks Edu Town BSD City, Kel. Pagedangan, Kec. Pagedangan
									Tangerang";26;1:8;B;;7 Jurusan
POLITEKNIK KELAUTAN DAN PERIKANAN SORONG;"Jl. Kapitan Pattimura Tanjung Kasuari Suprau Kotak Pos 118 Kota Sorong
									Sorong";26;1:8;C;;3 Jurusan
AKADEMI KEPERAWATAN KESDAM IX/UDAYANA;"Jalan Taman Kanak-Kanak Kartika, Dauh Puri
									Denpasar";26;1:8;C;;1 Jurusan
SEKOLAH TINGGI ILMU EKONOMI MAHARDHIKA;"Graha Mahardhika, Jl. Raya Wisata Menanggal No. 42A, Dukuh Menanggal, Gayungan
									Surabaya";26;1:8;B;;3 Jurusan
UNIVERSITAS MAARIF HASYIM LATIF;"Jl. Ngelom Megare 30, Sepanjang Taman 
									Sidoarjo";26;1:8;C;;11 Jurusan
SEKOLAH TINGGI ILMU EKONOMI SATYA DHARMA;"Jl. Yudisthira No.11, Astina, Kec. Buleleng
									Buleleng";26;1:8;C;;2 Jurusan
STMIK BINA BANGSA;"Jalan Merdeka Timur No 92
									Lhokseumawe";26;1:8;C;;3 Jurusan
SEKOLAH TINGGI ILMU KOMPUTER BINANIAGA;"Jl. Mayor Oking Jayaatmaja No.27
									Bogor Tengah";26;1:8;C;;5 Jurusan
UNIVERSITAS SOERJO;"Jl. Cepu, Ngawi, Kec. Ngawi
									Ngawi";26;1:12;C;;6 Jurusan
SEKOLAH TINGGI ILMU HUKUM PERSADA BUNDA;"Jalan Diponegoro No 42
									Pekanbaru";26;1:8;C;;2 Jurusan
AKADEMI KEPERAWATAN PEMKAB PONOROGO;"Jl. Dr. Ciptomangunkusumo No. 82 A
									Ponorogo";26;1:8;B;;1 Jurusan
POLITEKNIK BINA BUDAYA CIPTA;"Jl. Laksamana Martadinata No.35, Gunungparang
									Jampang Kulon";26;1:8;C;;3 Jurusan
IAIN SULTAN AMAI;"Jl. Gelatik No. 1
									Gorontalo";26;1:8;B;;18 Jurusan
AKADEMI PARIWISATA NASIONAL BANJARMASIN;"Jl. Soetoyo S. No.126 Banjarmasin 
									Banjar";26;1:8;C;;1 Jurusan
SEKOLAH TINGGI KESEHATAN BINA CIPTA HUSADA;"Jl. Pahlawan V/6 Tanjung Purwokerto
									Banyumas";26;1:9;C;;2 Jurusan
AKADEMI KEPERAWATAN BETHESDA TOMOHON;"Depan RSU Bethesda Tomohon, Kelurahan Kamasi Kecamatan Tomohon Tengah
									Tomohon";26;1:9;B;;1 Jurusan
AKADEMI KEBIDANAN BALI WISNU DHARMA;"Jl. Kebo Iwa 1/2 Mengwi Mangupura 80351 (Timur Polres Badung)
									Badung";26;1:9;C;;1 Jurusan
SEKOLAH TINGGI ILMU EKONOMI ATMA BHAKTI;"Jalan Letnan Jenderal Sutoyo No. 43 Cengklik Nusukan Banjarsari Surakarta
									Surakarta";26;1:9;C;;2 Jurusan
POLITEKNIK KOTA MALANG;"Jl. Tlogowaru No. 03 Kelurahan Tlogowaru Kec. Kedungkandang
									Malang";26;1:9;C;;4 Jurusan
STAI SANGATTA;"Jln. APT. Pranoto No. 01 RT. 13 Dusun Singa Karta Sangatta Utara
									Kutai Timur";26;1:9;B;;2 Jurusan
SEKOLAH TINGGI TEKNIK MULTIMEDIA CENDIKIA ABDITAMA;"Kompleks Pendidikan Islamic Village, Jln. Islamic Raya, Kelapa Dua
									Tangerang";26;1:9;C;;2 Jurusan
STAI NAZHATUT THULLAB SAMPANG MADURA;"Jl. Diponegoro No 11 Sampang Madura
									Sampang";26;1:9;C;;3 Jurusan
AKADEMI KEPERAWATAN YPPP WONOMULYO;"Jalan Gatot Subroto No 1 Wonomulyo
									Sulawesi Barat";26;1:9;C;;1 Jurusan
STIKES GRAHA MEDIKA;"Jl. Raya AKD, RSI Moonow lantai 2, Kel.Mongkonai Barat
									Kotamobagu Barat";26;1:9;C;;3 Jurusan
SEKOLAH TINGGI ILMU HUKUM MUHAMMADIYAH KOTABUMI;"Jalan Hasan Kepala Ratu No. 1052 Sendang sari 
									Lampung Utara";26;1:9;;;